{
  "algorithm": "XGBoost",
  "metrics": {
    "Accuracy": 0.9478632478632478,
    "Precision": 0.9593908629441624,
    "Recall": 0.9387417218543046,
    "F1": 0.9489539748953975
  }
}