Algorithm,Accuracy,Precision,Recall,F1
XGBoost,0.9478632478632478,0.9593908629441624,0.9387417218543046,0.9489539748953975
Random Forest,0.9401709401709402,0.9571917808219178,0.9254966887417219,0.9410774410774411
Logistic Regression,0.9179487179487179,0.9247491638795987,0.9155629139072847,0.9201331114808652
